{
    "test_samples": 2000,
    "BLEU": 0.19249444560935536,
    "ROUGE": 0.19121948083549437,
    "bert_score": 0.8083259308338165
}