{
    "test_samples": 2000,
    "BLEU": 0.4846453027157246,
    "ROUGE": 0.4315716686889263,
    "bert_score": 0.8603846824169159
}